TYPE,Traffic Bureau Average Fine,Traffic Bureau Fine Amount,Traffic Bureau Fine per Officer,Traffic Bureau Moving Fine Amount,Traffic Bureau Officers,Traffic Bureau Parking Fine Amount
M,17.806311111111146,28044.940000000053,4006.420000000008,28044.940000000053,7,674374.4100000004
P,27.055059375752244,674374.4100000004,51874.954615384646,28044.940000000053,13,674374.4100000004
